mwpId,position,preTermNature,preTermLength,nextTermNature,nextTermLength,preClauseLength,nextClauseLength,preClauseDigitLetter,nextClauseDigitLetter,preClauseTermQuantity,nextClauseTermQuantity,preClauseSPQuantity,nextClauseSPQuantity,commaType
1,6,nx,1,nx,1,6,1,1,1,5,1,0,0,NONEOS
1,8,nx,1,nx,1,1,14,1,1,1,8,0,1,NONEOS
1,23,nnt,2,p,2,14,16,1,0,8,8,1,0,EOS
1,40,n,2,v,1,16,23,0,1,8,12,0,1,EOS
1,64,n,2,nz,2,23,16,1,1,12,10,1,1,EOS
1,81,nnt,2,nx,1,16,10,1,1,10,6,1,1,EOS
1,92,nnt,2,d,1,10,19,1,1,6,13,1,1,EOS
2,17,n,2,n,4,17,12,0,1,13,8,0,1,NONEOS
2,30,m,1,n,2,12,18,1,1,8,10,1,1,EOS
2,49,n,2,rz,2,18,10,1,1,10,6,1,1,EOS
2,60,q,1,d,1,10,12,1,1,6,7,1,0,EOS
3,5,nx,1,nx,1,5,1,1,1,4,1,1,0,NONEOS
3,7,nx,1,nx,1,1,13,1,1,1,8,0,0,NONEOS
3,21,nnt,2,tg,1,13,23,1,1,8,12,0,2,EOS
3,45,n,2,nz,2,23,12,1,1,12,7,2,1,EOS
3,58,nnt,2,nx,1,12,10,1,1,7,6,1,1,EOS
3,69,nnt,2,d,1,10,16,1,1,6,11,1,0,EOS
4,19,n,2,v,2,19,31,0,1,10,17,0,1,EOS
4,51,f,1,v,2,31,11,1,1,17,5,1,0,EOS
4,63,n,4,d,1,11,23,1,0,5,13,0,2,EOS
5,15,n,1,a,1,15,8,1,1,7,5,0,0,EOS
5,24,n,1,n,2,8,8,1,1,5,4,0,0,EOS
5,33,n,1,tg,1,8,24,1,0,4,11,0,0,EOS
5,58,n,4,c,1,24,13,0,1,11,9,0,1,EOS
5,72,n,2,rz,2,13,10,1,1,9,6,1,1,EOS
5,83,n,1,d,1,10,9,1,1,6,9,1,0,EOS
6,12,n,2,n,2,12,10,0,1,7,4,1,1,NONEOS
6,23,q,1,m,4,10,11,1,1,4,5,1,0,NONEOS
6,35,q,1,p,1,11,11,1,0,5,6,0,0,EOS
6,47,nz,4,n,2,11,18,0,1,6,9,0,1,EOS
6,66,vn,2,rzv,1,18,16,1,0,9,12,1,1,EOS
6,83,w,1,w,1,16,3,0,0,12,3,1,0,NONEOS
6,87,w,1,w,1,3,4,0,0,3,4,0,0,NONEOS
7,11,n,1,rz,2,11,10,1,1,6,5,1,0,EOS
7,22,n,1,nnt,4,10,7,1,1,5,3,0,0,EOS
7,30,n,1,n,2,7,9,1,1,3,5,0,0,EOS
7,40,n,1,p,2,9,13,1,0,5,6,0,0,EOS
7,54,n,2,v,1,13,12,0,0,6,7,0,0,EOS
7,67,n,2,n,2,12,21,0,1,7,11,0,2,EOS
7,89,n,1,c,2,21,17,1,0,11,8,2,1,EOS
8,10,usuo,1,rz,2,10,7,1,1,6,4,1,0,EOS
8,18,usuo,1,nis,2,7,6,1,1,4,3,0,0,EOS
8,25,usuo,1,nis,2,6,6,1,1,3,3,0,0,EOS
8,32,usuo,1,n,2,6,29,1,1,3,15,0,2,EOS
8,62,n,2,d,1,29,13,1,0,15,10,2,1,EOS
9,2,t,2,n,2,2,60,0,1,1,35,0,2,NONEOS
9,63,q,1,c,1,60,37,1,1,35,22,2,0,EOS
9,101,nz,4,tg,1,37,18,1,0,22,10,0,1,EOS
9,120,n,2,d,1,18,23,0,0,10,15,1,1,EOS
10,13,n,2,p,1,13,18,0,1,5,14,0,0,EOS
10,32,n,1,p,1,18,13,1,1,14,10,0,0,NONEOS
10,59,n,2,d,1,12,15,1,0,7,11,0,1,EOS
11,9,n,1,rz,2,9,9,1,1,5,4,1,0,EOS
11,19,n,1,b,2,9,8,1,1,4,4,0,0,EOS
11,28,n,1,b,2,8,7,1,1,4,4,0,0,EOS
11,36,n,1,p,2,7,11,1,0,4,6,0,0,EOS
11,48,n,2,d,2,11,12,0,1,6,7,0,0,EOS
11,61,n,2,p,1,12,10,1,0,7,5,0,0,EOS
11,72,v,2,rz,2,10,15,0,0,5,8,0,1,EOS
12,13,f,1,n,2,13,8,0,1,7,5,1,1,EOS
12,22,q,1,a,1,8,8,1,1,5,6,1,1,EOS
12,31,q,1,n,2,8,23,1,1,6,13,1,1,EOS
12,55,n,2,nz,2,23,16,1,1,13,11,1,1,EOS
12,72,q,1,d,1,16,20,1,0,11,14,1,1,EOS
13,2,t,2,n,2,2,27,0,0,1,13,0,2,NONEOS
13,63,q,1,c,1,32,37,1,1,21,22,1,0,EOS
13,101,nz,4,tg,1,37,18,1,0,22,10,0,1,EOS
13,120,n,2,d,1,18,25,0,0,10,13,1,1,EOS
14,10,n,1,rz,2,10,9,1,1,6,4,1,0,EOS
14,20,n,1,b,2,9,7,1,1,4,4,0,0,EOS
14,28,n,1,b,2,7,7,1,1,4,4,0,0,EOS
14,60,n,4,d,1,23,24,1,0,11,13,0,1,EOS
15,10,n,2,rz,2,10,10,1,1,9,6,0,0,EOS
15,21,q,1,nx,1,10,8,1,1,6,5,0,0,EOS
15,30,q,1,v,2,8,20,1,1,5,10,0,1,EOS
15,51,n,2,nx,1,20,10,1,1,10,7,1,0,EOS
15,62,q,1,nx,1,10,10,1,1,7,7,0,0,EOS
15,73,q,1,m,1,10,13,1,0,7,9,0,1,EOS
16,26,n,2,v,2,26,14,0,1,16,7,2,1,EOS
16,41,n,1,rz,2,14,51,1,1,7,29,1,1,EOS
16,93,m,4,nis,3,51,17,1,0,29,9,1,1,EOS
16,111,n,2,v,2,17,19,0,1,9,11,1,0,EOS
16,131,n,2,bl,2,19,9,1,0,11,4,0,0,EOS
16,141,gm,4,c,2,9,8,0,0,4,4,0,0,EOS
16,150,qt,1,nz,2,8,20,0,0,4,11,0,1,NONEOS
17,16,n,1,rz,2,16,10,1,1,11,5,1,0,EOS
17,27,n,1,n,2,10,16,1,1,5,10,0,1,EOS
17,54,n,4,tg,1,9,13,0,0,4,6,0,0,EOS
17,68,n,2,p,1,13,15,0,1,6,10,0,0,EOS
17,84,n,1,d,1,15,19,1,0,10,9,0,1,EOS
18,16,n,2,v,1,16,16,1,1,10,9,0,0,EOS
18,33,n,2,rzv,1,16,17,1,1,9,9,0,0,EOS
18,51,q,1,nz,4,17,8,1,1,9,3,0,0,EOS
18,60,q,1,nz,4,8,8,1,1,3,3,0,0,EOS
18,69,q,1,rzv,2,8,9,1,1,3,5,0,0,EOS
18,79,q,1,ryv,2,9,7,1,0,5,4,0,0,EOS
19,5,n,4,r,2,5,29,0,0,2,21,0,1,NONEOS
19,35,n,2,rz,2,29,23,0,1,21,17,1,1,EOS
19,59,n,1,p,1,23,20,1,0,17,10,1,1,EOS
19,80,vn,2,c,2,20,42,0,1,10,31,1,0,EOS
19,123,n,2,c,2,42,30,1,0,31,20,0,2,EOS
20,21,q,1,rz,2,21,12,1,1,14,7,0,1,EOS
20,34,q,1,tg,1,12,36,1,1,7,20,1,1,EOS
20,71,vn,2,d,1,36,17,1,0,20,10,1,1,EOS
21,13,n,2,v,2,13,6,1,0,6,3,1,0,EOS
21,20,n,2,v,1,6,27,0,1,3,15,0,0,EOS
21,48,n,2,nz,2,27,12,1,1,15,7,0,1,EOS
21,61,n,2,c,2,12,16,1,0,7,12,1,1,EOS
22,10,usuo,1,nis,2,10,5,1,1,6,3,1,0,EOS
22,16,usuo,1,nis,2,5,38,1,1,3,22,0,0,EOS
22,55,n,2,v,2,38,15,1,0,22,9,0,0,EOS
22,71,nis,2,nis,2,15,13,0,0,9,8,0,0,EOS
23,11,n,1,rz,2,11,10,1,1,6,5,1,0,EOS
23,22,n,1,n,2,10,8,1,1,5,4,0,0,EOS
23,31,n,1,n,2,8,8,1,1,4,4,0,0,EOS
23,40,n,1,p,2,8,14,1,0,4,8,0,0,EOS
23,55,n,2,p,1,14,14,0,0,8,7,0,0,EOS
23,70,n,2,c,1,14,12,0,1,7,8,0,1,EOS
23,83,n,1,d,1,12,10,1,0,8,6,1,1,EOS
24,12,n,2,n,2,12,31,0,1,7,16,1,0,NONEOS
24,58,n,2,n,2,13,18,0,1,9,9,0,1,EOS
24,77,vn,2,c,2,18,17,1,1,9,11,1,1,EOS
25,8,n,2,n,2,8,13,0,1,6,7,1,1,NONEOS
25,22,m,2,p,1,13,12,1,0,7,6,1,0,EOS
25,35,n,2,v,2,12,12,0,0,6,5,0,1,EOS
25,48,n,4,p,1,12,13,0,1,5,7,1,0,EOS
25,62,n,1,d,1,13,19,1,0,7,11,0,1,EOS
26,11,n,1,rz,2,11,23,1,1,6,13,1,1,EOS
26,35,n,1,p,1,23,10,1,0,13,6,1,0,EOS
26,46,n,2,v,2,10,12,0,0,6,6,0,0,EOS
26,59,n,2,p,1,12,17,0,1,6,10,0,0,NONEOS
26,77,n,2,d,1,17,25,1,0,10,14,0,1,EOS
27,6,ns,2,v,2,6,6,0,0,3,3,0,0,NONEOS
27,21,ns,2,rz,1,7,22,0,0,4,14,0,1,EOS
27,44,n,2,rz,1,22,11,0,1,14,9,1,1,NONEOS
27,56,m,1,n,2,11,19,1,1,9,10,1,1,EOS
27,76,n,2,c,2,19,17,1,1,10,11,1,1,EOS
27,94,q,1,c,2,17,15,1,1,11,10,1,0,EOS
28,21,n,2,v,2,21,20,1,1,11,10,1,0,EOS
28,42,n,2,nz,2,20,13,1,1,10,9,0,1,EOS
28,56,n,1,d,1,13,16,1,0,9,10,1,0,EOS
29,11,n,1,rz,2,11,10,1,1,5,5,1,0,EOS
29,22,n,1,a,1,10,8,1,1,5,5,0,0,EOS
29,31,n,1,n,2,8,8,1,1,5,4,0,0,EOS
29,40,n,1,tg,1,8,20,1,1,4,11,0,1,EOS
29,61,n,2,c,2,20,28,1,0,11,14,1,1,EOS
30,5,n,4,r,2,5,29,0,0,2,21,0,1,NONEOS
30,35,n,2,rz,2,29,26,0,1,21,19,1,1,EOS
30,62,n,1,p,1,26,65,1,1,19,42,1,0,EOS
30,128,n,2,m,1,65,26,1,1,42,20,0,0,NONEOS
30,155,n,2,d,1,26,19,1,0,20,12,0,1,EOS
31,21,q,1,rz,2,21,41,1,1,14,21,0,1,EOS
31,63,n,2,c,2,41,26,1,0,21,14,1,1,EOS
32,14,q,1,d,2,14,12,1,1,9,6,0,0,EOS
32,27,n,2,c,2,12,16,1,0,6,9,0,0,EOS
32,44,vn,2,d,1,16,11,0,0,9,5,0,0,EOS
33,11,n,1,rz,2,11,13,1,1,6,8,1,2,EOS
33,25,n,1,m,2,13,13,1,1,8,9,2,0,EOS
33,39,n,1,m,2,13,14,1,1,9,10,0,1,EOS
33,54,n,1,p,2,14,22,1,0,10,12,1,1,EOS
33,77,n,2,v,1,22,15,0,1,12,8,1,0,EOS
33,93,n,2,nnt,2,15,11,1,0,8,6,0,1,EOS
33,105,vn,2,v,2,11,6,0,0,6,3,1,0,EOS
34,12,n,1,a,1,12,9,1,1,7,6,1,1,EOS
34,22,n,1,n,2,9,9,1,1,6,5,1,1,EOS
34,32,n,1,p,1,9,20,1,1,5,10,1,0,EOS
34,53,n,2,d,1,20,23,1,0,10,13,0,1,EOS
35,16,n,1,rz,2,16,10,1,1,11,6,1,0,EOS
35,27,n,1,n,2,10,15,1,0,6,8,0,1,EOS
35,43,vi,2,tg,1,15,20,0,0,8,10,1,1,EOS
35,64,n,2,nz,2,20,13,0,1,10,8,1,2,EOS
35,78,n,1,d,1,13,12,1,0,8,7,2,1,EOS
36,11,n,2,v,2,11,6,1,0,6,3,1,0,EOS
36,18,n,2,v,1,6,28,0,1,3,16,0,0,EOS
36,47,n,2,nz,2,28,11,1,1,16,7,0,1,EOS
36,59,n,2,c,2,11,20,1,0,7,13,1,1,EOS
37,14,n,1,n,2,14,6,1,1,8,3,1,0,EOS
37,21,n,1,p,1,6,15,1,0,3,9,0,0,EOS
37,37,n,2,v,1,15,10,0,0,9,5,0,0,EOS
37,48,n,2,p,1,10,20,0,1,5,11,0,0,NONEOS
37,69,n,2,rz,2,20,16,1,0,11,10,0,1,EOS
38,11,n,1,rz,2,11,10,1,1,6,5,1,0,EOS
38,22,n,1,p,1,10,14,1,0,5,8,0,0,EOS
38,37,n,2,v,2,14,12,0,0,8,6,0,0,EOS
38,50,n,2,p,1,12,16,0,1,6,10,0,0,NONEOS
38,67,n,2,c,2,16,19,1,0,10,9,0,1,EOS
39,11,n,2,rz,2,11,13,0,1,7,7,1,1,EOS
39,25,n,1,v,2,13,19,1,1,7,10,1,1,EOS
39,45,n,2,a,1,19,9,1,1,10,6,1,1,EOS
39,55,n,1,n,2,9,9,1,1,6,5,1,1,EOS
39,65,n,1,c,2,9,13,1,0,5,9,1,1,EOS
40,13,qv,1,rz,1,13,32,1,1,11,21,0,1,NONEOS
40,46,n,2,d,1,32,13,1,1,21,10,1,0,EOS
41,13,n,2,p,1,13,18,0,1,5,14,0,0,EOS
41,32,n,1,p,1,18,26,1,1,14,18,0,0,NONEOS
41,59,n,2,d,1,26,14,1,0,18,11,0,1,EOS
42,14,q,1,p,2,14,13,1,0,7,6,1,0,EOS
42,28,n,2,v,2,13,37,0,1,6,20,0,1,EOS
42,66,n,1,d,1,37,13,1,0,20,10,1,1,EOS
43,12,n,1,n,2,12,16,1,1,7,10,1,1,EOS
43,29,q,1,a,1,16,23,1,1,10,14,1,1,EOS
43,53,n,4,tg,1,23,13,1,0,14,6,1,0,EOS
43,67,n,2,p,1,13,15,0,1,6,10,0,0,EOS
43,83,n,1,d,1,15,15,1,0,10,9,0,1,EOS
44,24,n,1,c,1,24,22,1,1,14,14,1,1,EOS
44,47,gm,4,p,1,22,15,1,0,14,9,1,0,EOS
44,63,f,1,v,2,15,31,0,1,9,16,0,0,EOS
44,95,n,2,vn,2,31,6,1,0,16,3,0,0,NONEOS
44,102,n,2,d,1,6,13,0,1,3,10,0,0,EOS
45,19,n,2,n,4,19,34,1,1,14,20,0,2,NONEOS
45,54,n,2,n,2,34,12,1,1,20,8,2,1,EOS
45,67,q,1,c,2,12,11,1,1,8,6,1,0,EOS
46,10,n,1,rz,2,10,24,1,1,5,12,1,1,EOS
46,35,n,2,v,2,24,12,1,0,12,6,1,0,EOS
46,48,n,2,p,1,12,32,0,1,6,20,0,1,NONEOS
47,10,nnt,2,nr,2,10,10,1,1,6,5,1,1,EOS
47,21,nnt,2,n,2,10,10,1,1,5,5,1,1,EOS
47,32,nnt,2,p,1,10,13,1,0,5,9,1,0,EOS
47,46,n,2,n,2,13,9,0,0,9,4,0,1,EOS
47,56,n,1,v,2,9,15,0,1,4,8,1,0,NONEOS
47,72,n,2,v,1,15,13,1,0,8,9,0,0,EOS
48,10,n,1,rz,2,10,10,1,1,6,5,1,1,EOS
48,21,n,1,nnt,4,10,7,1,1,5,3,1,0,EOS
48,29,n,1,n,2,7,9,1,1,3,5,0,0,EOS
48,39,n,1,n,2,9,20,1,1,5,11,0,2,EOS
48,60,n,2,d,1,20,11,1,0,11,6,2,0,EOS
49,10,n,1,v,2,10,10,1,1,6,7,1,1,EOS
49,21,n,1,m,2,10,11,1,1,7,8,1,0,EOS
49,33,n,1,v,2,11,11,1,1,8,8,0,0,EOS
49,45,n,1,t,2,11,13,1,1,8,6,0,0,EOS
49,59,gm,4,rz,1,13,11,1,0,6,6,0,1,EOS
50,53,n,2,d,1,53,16,1,0,30,12,2,1,EOS
51,15,n,1,b,1,15,22,1,1,9,12,1,2,EOS
51,38,n,1,c,1,22,11,1,1,12,8,2,1,EOS
51,50,n,1,d,1,11,12,1,0,8,9,1,1,EOS
52,11,n,1,n,2,11,6,1,1,6,3,1,0,EOS
52,18,n,1,p,1,6,30,1,1,3,16,0,0,EOS
52,49,n,2,d,1,30,12,1,0,16,9,0,1,EOS
53,35,n,4,rz,2,35,38,1,1,19,23,0,2,EOS
53,74,n,1,d,1,38,20,1,0,23,15,2,1,EOS
54,22,n,1,rz,2,22,7,1,1,13,4,3,0,EOS
54,30,n,1,n,2,7,5,1,1,4,3,0,0,EOS
54,36,n,1,t,2,5,15,1,1,3,9,0,1,EOS
54,52,n,2,c,1,15,6,1,0,9,3,1,0,EOS
54,59,gm,4,n,2,6,8,0,0,3,6,0,1,EOS
55,11,n,1,b,2,11,9,1,1,5,4,1,0,EOS
55,21,n,1,a,2,9,9,1,1,4,4,0,0,EOS
55,31,n,1,v,1,9,18,1,1,4,10,0,0,EOS
55,50,vn,2,c,2,18,11,1,0,10,5,0,0,EOS
55,62,n,2,d,1,11,26,0,0,5,13,0,1,EOS
56,11,n,1,rz,2,11,13,1,1,6,6,1,0,EOS
56,25,n,1,v,2,13,11,1,1,6,5,0,0,EOS
56,37,n,1,v,2,11,11,1,1,5,5,0,0,EOS
56,49,n,1,rz,2,11,8,1,1,5,4,0,0,EOS
56,58,n,1,p,1,8,9,1,0,4,4,0,0,EOS
56,68,n,2,v,2,9,35,0,1,4,19,0,2,NONEOS
56,104,n,1,d,1,35,10,1,0,19,6,2,1,EOS
57,12,nnt,2,nr,2,12,10,1,1,5,5,0,1,EOS
57,23,nnt,2,n,2,10,10,1,1,5,5,1,1,EOS
57,34,nnt,2,tg,1,10,8,1,0,5,4,1,0,EOS
57,43,gm,4,n,2,8,9,0,0,4,5,0,0,NONEOS
57,53,n,2,c,1,9,8,0,1,5,5,0,1,EOS
57,62,n,1,d,1,8,8,1,0,5,6,1,1,EOS
58,8,n,2,p,1,8,22,0,1,4,13,0,0,NONEOS
58,31,n,2,rz,2,22,11,1,1,13,6,0,1,EOS
58,43,n,1,n,2,11,9,1,1,6,5,1,1,EOS
58,53,n,1,d,1,9,15,1,1,5,9,1,0,EOS
58,69,n,1,d,1,15,14,1,0,9,8,0,1,EOS
59,41,n,2,p,1,41,7,1,0,23,4,2,0,EOS
59,49,n,2,nis,2,7,17,0,0,4,9,0,0,EOS
59,67,n,2,nz,2,17,15,0,1,9,9,0,1,EOS
59,83,q,1,c,2,15,14,1,0,9,8,1,1,EOS
60,8,nx,1,nx,1,8,1,1,1,5,1,1,0,NONEOS
60,10,nx,1,nx,1,1,3,1,1,1,3,0,0,NONEOS
60,14,qv,1,nx,1,3,1,1,1,3,1,0,0,EOS
60,16,nx,1,nx,1,1,1,1,1,1,1,0,0,NONEOS
60,18,nx,1,nx,1,1,14,1,1,1,12,0,1,NONEOS
60,33,m,1,tg,1,14,17,1,1,12,11,1,0,EOS
60,51,n,2,nz,2,17,17,1,1,11,9,0,0,EOS
60,69,qt,1,n,1,17,11,1,1,9,9,0,1,NONEOS
60,81,m,1,d,1,11,13,1,0,9,9,1,1,EOS
61,10,n,1,rz,2,10,12,1,1,5,8,1,1,EOS
61,23,n,1,m,2,12,12,1,1,8,8,1,1,EOS
61,36,n,1,v,2,12,24,1,1,8,14,1,1,EOS
61,61,n,2,v,2,24,17,1,1,14,8,1,0,EOS
61,79,n,2,d,1,17,14,1,0,8,9,0,0,EOS
62,14,n,1,b,1,14,7,1,1,8,4,0,0,EOS
62,22,n,1,p,1,7,22,1,1,4,13,0,0,EOS
62,45,n,1,d,1,22,19,1,0,13,13,0,1,EOS
63,21,n,3,rz,1,21,15,0,1,11,10,1,1,EOS
63,37,qt,1,m,2,15,6,1,1,10,4,1,0,NONEOS
63,44,qt,1,m,2,6,17,1,1,4,10,0,1,NONEOS
63,62,m,3,m,3,17,3,1,1,10,1,1,0,NONEOS
63,66,m,3,nx,1,3,3,1,1,1,3,0,0,NONEOS
63,70,f,1,v,2,3,20,1,1,3,11,0,1,EOS
63,91,n,2,c,1,20,18,1,1,11,12,1,0,EOS
63,110,n,1,c,2,18,8,1,1,12,6,0,1,EOS
64,12,n,1,a,1,12,8,1,1,6,5,1,0,EOS
64,21,n,1,n,2,8,8,1,1,5,4,0,0,EOS
64,30,n,1,nis,2,8,37,1,1,4,21,0,0,EOS
64,68,n,4,c,2,37,17,1,1,21,11,0,2,EOS
64,86,m,1,c,2,17,19,1,0,11,12,2,1,EOS
65,9,n,1,b,1,9,8,1,1,5,4,1,0,EOS
65,18,n,1,nz,3,8,35,1,1,4,19,0,2,EOS
65,54,n,2,nz,2,35,15,1,1,19,9,2,1,EOS
65,70,m,2,d,1,15,7,1,1,9,6,1,0,EOS
66,19,q,1,rr,2,19,13,1,1,11,10,1,1,NONEOS
66,51,n,2,d,1,17,11,1,0,9,8,0,0,EOS
67,12,n,1,nnd,3,12,7,1,1,6,3,1,0,EOS
67,20,n,1,nnt,2,7,6,1,1,3,3,0,0,EOS
67,27,n,1,tg,1,6,22,1,1,3,12,0,1,EOS
67,50,n,4,nz,2,22,12,1,1,12,7,1,2,EOS
67,63,n,1,d,1,12,14,1,1,7,6,2,0,EOS
68,7,v,1,nx,1,7,8,0,1,5,6,1,1,EOS
68,16,nnt,2,nx,1,8,8,1,1,6,6,1,1,EOS
68,25,nnt,2,nx,1,8,8,1,1,6,6,1,1,EOS
68,34,nnt,2,n,1,8,6,1,1,6,5,1,2,EOS
68,41,nnt,2,c,2,6,30,1,1,5,16,2,1,EOS
68,72,w,1,c,2,30,2,1,0,16,1,1,0,EOS
68,75,c,2,n,1,2,12,0,0,1,9,0,1,NONEOS
69,20,n,2,rzs,2,20,29,0,1,9,16,1,2,EOS
69,50,n,1,nis,2,29,8,1,1,16,4,2,0,EOS
69,59,n,1,nnt,2,8,5,1,1,4,3,0,0,EOS
69,65,n,1,tg,1,5,25,1,1,3,14,0,1,EOS
69,91,n,2,d,1,25,26,1,0,14,14,1,2,EOS
70,60,n,1,c,1,60,14,1,1,30,8,3,1,EOS
70,75,m,2,d,1,14,21,1,0,8,10,1,1,EOS
71,10,nis,2,rz,2,10,10,1,1,6,5,1,1,EOS
71,21,q,1,b,2,10,9,1,1,5,5,1,1,EOS
71,31,q,1,b,2,9,22,1,1,5,13,1,1,EOS
71,54,n,2,v,1,22,26,1,1,13,15,1,1,EOS
71,81,n,2,v,2,26,13,1,0,15,9,1,1,EOS
72,43,n,2,tg,1,43,21,1,1,23,11,1,0,EOS
72,65,n,2,v,1,21,10,1,0,11,7,0,0,EOS
73,26,m,1,n,2,26,32,1,1,20,19,1,1,EOS
73,59,n,2,d,1,32,14,1,0,19,10,1,1,EOS
74,10,n,1,rz,2,10,2,1,0,6,1,1,0,EOS
74,13,rz,2,n,2,2,8,0,1,1,4,0,0,NONEOS
74,22,n,1,n,2,8,8,1,1,4,4,0,0,EOS
74,31,n,1,p,1,8,11,1,0,4,6,0,0,EOS
74,43,n,2,n,2,11,13,0,0,6,6,0,1,EOS
74,57,n,2,c,1,13,12,0,1,6,8,1,2,EOS
74,70,n,1,d,1,12,16,1,0,8,10,2,1,EOS
75,6,vl,4,tg,1,6,26,0,1,2,22,0,0,EOS
75,33,f,1,p,1,26,14,1,1,22,7,0,0,EOS
75,48,nnt,3,c,1,14,15,1,1,7,10,0,0,EOS
75,64,nnt,3,c,2,15,11,1,1,10,5,0,0,EOS
76,26,q,1,rz,2,26,43,1,1,17,23,0,1,EOS
76,70,n,2,c,2,43,23,1,0,23,15,1,1,EOS
77,28,m,1,p,2,28,14,1,0,19,8,1,0,EOS
77,43,n,2,p,1,14,28,0,1,8,16,0,2,EOS
77,72,n,1,d,1,28,10,1,0,16,6,2,1,EOS
78,18,n,1,nz,3,18,10,1,1,11,6,0,1,EOS
78,29,n,1,n,2,10,9,1,1,6,6,1,1,EOS
78,39,n,1,tg,1,9,55,1,1,6,32,1,0,EOS
79,26,n,1,m,3,26,4,1,1,17,2,1,0,NONEOS
79,31,n,1,m,3,4,4,1,1,2,2,0,0,NONEOS
79,36,n,1,n,2,4,20,1,1,2,11,0,1,EOS
79,57,n,2,n,2,20,9,1,1,11,7,1,1,EOS
79,67,n,1,c,2,9,17,1,1,7,9,1,0,EOS
80,13,f,1,n,2,13,8,0,1,7,5,1,1,EOS
80,22,q,1,a,1,8,8,1,1,5,6,1,1,EOS
80,31,q,1,n,2,8,23,1,1,6,13,1,1,EOS
80,55,n,2,nz,2,23,16,1,1,13,11,1,1,EOS
80,72,q,1,d,1,16,24,1,0,11,15,1,1,EOS
81,23,vn,2,rz,2,23,38,0,1,13,26,0,2,EOS
81,62,m,2,m,2,38,2,1,1,26,1,2,0,NONEOS
81,65,m,2,m,2,2,2,1,1,1,1,0,0,NONEOS
81,68,m,2,m,2,2,2,1,1,1,1,0,0,NONEOS
81,71,m,2,d,1,2,15,1,0,1,11,0,1,EOS
82,11,m,2,t,2,11,25,0,1,6,14,1,0,EOS
82,37,nx,1,rz,2,25,7,1,1,14,4,0,0,EOS
82,45,q,1,n,3,7,6,1,1,4,3,0,0,EOS
82,52,q,1,d,1,6,14,1,0,3,9,0,1,EOS
83,14,n,2,m,3,14,10,1,1,9,5,0,0,EOS
83,25,n,2,m,2,10,9,1,1,5,5,0,0,EOS
83,35,f,1,p,1,9,24,1,1,5,12,0,0,EOS
83,60,n,2,d,1,24,20,1,0,12,14,0,2,EOS
84,10,f,1,nx,1,10,8,1,1,6,6,0,1,EOS
84,19,n,1,nx,1,8,8,1,1,6,6,1,1,EOS
84,28,n,1,nx,1,8,8,1,1,6,6,1,1,EOS
84,37,n,1,nx,2,8,8,1,1,6,6,1,1,EOS
84,46,n,1,p,2,8,12,1,0,6,7,1,0,EOS
84,59,n,2,v,1,12,28,0,1,7,16,0,0,EOS
84,88,n,2,rz,2,28,11,1,0,16,7,0,1,EOS
85,22,n,1,rz,2,22,13,1,1,13,6,1,0,EOS
85,36,n,1,tg,1,13,44,1,1,6,25,0,1,EOS
85,81,n,2,d,1,44,10,1,1,25,8,1,1,EOS
86,19,n,2,n,4,19,14,1,1,14,9,0,1,NONEOS
86,34,m,1,n,2,14,19,1,1,9,10,1,1,EOS
86,54,n,2,rz,2,19,11,1,1,10,7,1,1,EOS
86,66,q,1,c,2,11,17,1,1,7,9,1,1,EOS
87,14,n,1,nz,3,14,6,1,1,7,3,1,0,EOS
87,21,n,1,n,2,6,22,1,1,3,10,0,1,EOS
87,44,n,4,d,1,22,14,1,0,10,6,1,0,EOS
87,59,n,1,nz,3,14,11,0,0,6,4,0,0,EOS
88,10,n,2,tg,1,10,42,0,1,6,20,1,0,EOS
88,53,nz,4,c,1,42,16,1,1,20,10,0,1,EOS
88,70,n,3,d,1,16,21,1,0,10,11,1,1,EOS
89,14,n,2,v,2,14,9,0,0,8,4,0,0,EOS
89,24,v,2,rz,1,9,12,0,1,4,6,0,1,EOS
89,37,q,1,v,2,12,13,1,1,6,7,1,1,EOS
89,51,n,2,nz,2,13,13,1,1,7,9,1,1,EOS
89,65,n,1,d,1,13,18,1,0,9,10,1,1,EOS
90,10,n,1,b,2,10,9,1,1,5,4,1,0,EOS
90,20,n,1,a,2,9,9,1,1,4,4,0,0,EOS
90,30,n,1,v,1,9,19,1,1,4,11,0,0,EOS
90,50,n,4,c,2,19,11,1,0,11,5,0,0,EOS
90,62,n,2,d,1,11,29,0,0,5,17,0,2,EOS
91,12,q,1,rz,2,12,21,1,1,6,12,1,0,EOS
91,34,n,2,v,2,21,22,1,1,12,11,0,2,EOS
91,57,n,2,d,1,22,15,1,0,11,11,2,1,EOS
92,13,n,1,rz,2,13,13,1,1,8,8,1,2,EOS
92,27,n,1,m,2,13,12,1,1,8,8,2,0,EOS
92,40,n,1,m,2,12,32,1,1,8,19,0,1,EOS
92,73,n,2,d,2,32,14,1,1,19,7,1,0,EOS
92,88,n,2,v,2,14,6,1,0,7,3,0,0,EOS
93,26,m,1,n,2,26,32,1,1,20,19,1,1,EOS
93,59,n,2,d,1,32,19,1,0,19,10,1,1,EOS
94,10,n,1,rz,2,10,10,1,1,6,5,1,0,EOS
94,21,n,1,n,2,10,8,1,1,5,4,0,0,EOS
94,30,n,1,n,2,8,8,1,1,4,4,0,0,EOS
94,39,n,1,p,2,8,14,1,0,4,8,0,0,EOS
94,54,n,2,p,1,14,14,0,0,8,7,0,0,EOS
94,69,n,2,c,1,14,12,0,1,7,8,0,2,EOS
94,82,n,1,d,1,12,13,1,0,8,5,2,1,EOS
95,12,q,1,nis,2,12,39,1,1,6,22,1,2,EOS
95,52,nnt,2,nr,2,39,9,1,1,22,5,2,1,EOS
95,62,nnt,2,nr,3,9,25,1,1,5,15,1,2,EOS
95,88,n,2,nis,2,25,32,1,0,15,19,2,1,EOS
96,12,f,1,vn,2,12,28,0,0,6,14,1,1,NONEOS
96,41,ntc,2,nrf,2,28,2,0,0,14,1,1,0,NONEOS
96,44,nrf,2,ntc,2,2,23,0,1,1,13,0,1,NONEOS
96,68,ng,1,m,4,23,11,1,1,13,5,1,0,NONEOS
96,80,ng,1,tg,1,11,15,1,1,5,8,0,0,EOS
96,96,vn,2,d,1,15,29,1,0,8,21,0,1,EOS
97,7,nx,1,nx,1,7,3,1,1,4,3,1,0,NONEOS
97,11,qv,1,p,1,3,45,1,1,3,29,0,1,EOS
97,57,m,2,d,1,45,16,1,0,29,8,1,1,EOS
98,9,n,1,rz,2,9,8,1,1,6,5,1,0,EOS
98,18,n,1,b,2,8,6,1,1,5,4,0,0,EOS
98,25,n,1,ad,2,6,6,1,1,4,4,0,0,EOS
98,32,n,1,tg,1,6,11,1,1,4,6,0,0,EOS
98,44,gm,4,d,1,11,13,1,0,6,8,0,1,EOS
99,16,n,1,rz,2,16,10,1,1,8,5,1,0,EOS
99,27,n,1,a,1,10,8,1,1,5,5,0,0,EOS
99,36,n,1,n,2,8,32,1,1,5,19,0,2,EOS
99,69,n,2,v,3,32,19,1,0,19,10,2,1,EOS
99,89,n,2,cc,1,19,14,0,0,10,8,1,1,EOS
99,104,d,2,v,2,14,15,0,0,8,6,1,0,EOS
99,120,n,2,n,2,15,16,0,0,6,8,0,0,EOS
100,11,n,1,rz,2,11,13,1,1,6,8,1,2,EOS
100,25,n,1,m,2,13,31,1,1,8,18,2,1,EOS
100,57,n,2,p,1,31,8,1,0,18,4,1,0,EOS
100,66,n,2,p,1,8,28,0,1,4,16,0,0,NONEOS
100,95,n,2,rz,2,28,26,1,1,16,15,0,2,EOS
101,12,n,2,n,2,12,22,0,1,7,10,1,1,NONEOS
101,35,q,1,p,1,22,11,1,0,10,6,1,0,EOS
101,47,nz,4,n,2,11,18,0,1,6,9,0,1,EOS
101,66,vn,2,rzv,1,18,37,1,0,9,18,1,1,EOS
102,38,n,1,tg,1,38,20,1,0,22,11,1,0,EOS
102,59,n,2,nz,2,20,12,0,1,11,7,0,1,EOS
102,72,n,1,d,1,12,21,1,0,7,12,1,2,EOS
103,11,n,1,rz,2,11,10,1,1,6,5,1,0,EOS
103,22,n,1,nnt,4,10,7,1,1,5,3,0,0,EOS
103,30,n,1,n,2,7,9,1,1,3,5,0,0,EOS
103,40,n,1,v,1,9,15,1,1,5,9,0,1,EOS
103,56,n,2,p,1,15,12,1,0,9,6,1,0,EOS
103,69,n,2,d,1,12,23,0,1,6,15,0,0,NONEOS
104,10,n,1,rz,2,10,9,1,1,6,4,1,0,EOS
104,20,n,1,b,2,9,8,1,1,4,4,0,0,EOS
104,29,n,1,b,2,8,7,1,1,4,4,0,0,EOS
104,37,n,1,p,2,7,10,1,0,4,5,0,0,EOS
104,48,n,2,p,1,10,20,0,1,5,11,0,0,EOS
104,69,n,2,d,1,20,18,1,0,11,9,0,1,EOS
105,11,q,1,t,2,11,11,0,0,7,6,1,0,EOS
105,23,n,1,p,1,11,31,0,1,6,19,0,0,EOS
105,55,n,2,d,1,31,20,1,0,19,13,0,1,EOS
106,1,nx,1,nx,1,1,1,1,1,1,1,0,0,NONEOS
106,3,nx,1,nx,1,1,5,1,1,1,4,0,0,NONEOS
106,9,n,2,rz,2,5,10,1,1,4,6,0,0,EOS
106,20,q,1,nx,1,10,8,1,1,6,5,0,0,EOS
106,29,q,1,v,2,8,20,1,1,5,10,0,1,EOS
106,50,n,2,nx,1,20,10,1,1,10,7,1,0,EOS
106,61,q,1,nx,1,10,10,1,1,7,7,0,0,EOS
106,72,q,1,m,1,10,15,1,0,7,8,0,1,EOS
107,15,f,1,v,2,15,9,1,0,10,4,0,0,EOS
107,25,n,2,v,2,9,34,0,1,4,18,0,1,NONEOS
108,10,n,1,b,2,10,8,1,1,5,4,1,0,EOS
108,19,n,1,rzv,2,8,23,1,0,4,12,0,1,EOS
108,43,n,2,nz,2,23,24,0,1,12,13,1,1,EOS
108,68,n,2,nz,2,24,15,1,1,13,10,1,1,EOS
108,84,n,1,d,1,15,15,1,0,10,7,1,1,EOS
109,8,b,2,nx,1,8,12,0,1,4,7,0,1,EOS
109,21,n,1,nx,1,12,12,1,1,7,7,1,1,EOS
109,34,n,1,nx,1,12,12,1,1,7,7,1,1,EOS
109,47,n,1,tg,1,12,13,1,0,7,8,1,0,EOS
109,61,n,2,c,1,13,13,0,1,8,7,0,0,EOS
109,75,n,2,d,1,13,18,1,1,7,13,0,2,EOS
110,14,n,2,rz,1,14,6,1,1,11,4,0,1,NONEOS
110,21,m,2,d,1,6,43,1,1,4,29,1,3,EOS
110,65,m,2,d,1,43,22,1,1,29,17,3,1,EOS
111,10,n,1,b,1,10,8,1,1,6,4,1,0,EOS
111,19,n,1,nz,3,8,52,1,1,4,30,0,4,EOS
111,72,m,3,d,1,52,8,1,1,30,7,4,0,EOS
112,10,usuo,1,rz,2,10,7,1,1,6,4,1,0,EOS
112,18,usuo,1,nis,2,7,6,1,1,4,3,0,0,EOS
112,25,usuo,1,nis,2,6,6,1,1,3,3,0,0,EOS
112,32,usuo,1,t,2,6,20,1,1,3,11,0,0,EOS
112,53,n,2,v,2,20,13,1,0,11,5,0,0,EOS
112,67,usuo,1,nis,2,13,9,0,0,5,3,0,0,EOS
112,77,usuo,1,nis,2,9,10,0,0,3,4,0,0,EOS
113,7,nx,1,nx,1,7,3,1,1,4,3,1,0,NONEOS
113,11,qv,1,rz,1,3,10,1,1,3,8,0,1,NONEOS
113,22,m,1,p,1,10,23,1,1,8,13,1,0,EOS
113,46,n,2,nz,2,23,13,1,1,13,9,0,1,EOS
113,60,m,1,d,1,13,19,1,1,9,11,1,1,EOS
114,21,n,1,rz,2,21,18,1,1,13,11,1,0,EOS
114,40,m,1,n,2,18,8,1,1,11,5,0,1,EOS
114,49,n,1,tg,1,8,15,1,1,5,8,1,1,EOS
114,65,n,2,c,2,15,17,1,0,8,11,1,2,EOS
115,8,n,1,n,3,8,15,1,0,4,7,0,1,NONEOS
115,24,s,4,nt,5,15,72,0,1,7,39,1,4,EOS
115,97,n,1,m,4,72,5,1,1,39,2,4,0,NONEOS
115,103,n,1,m,4,5,5,1,1,2,2,0,0,NONEOS
115,109,n,1,c,1,5,14,1,1,2,8,0,1,EOS
115,124,m,2,d,1,14,21,1,0,8,10,1,1,EOS
116,27,n,1,rz,2,27,16,1,1,15,11,2,1,EOS
116,44,n,1,m,2,16,14,1,1,11,10,1,1,EOS
116,59,n,1,m,2,14,12,1,1,10,8,1,1,EOS
116,72,n,1,c,1,12,14,1,1,8,10,1,1,EOS
116,87,n,2,c,2,14,11,1,0,10,6,1,0,EOS
116,99,nnt,2,c,2,11,2,0,0,6,1,0,0,EOS
116,102,c,2,rz,1,2,26,0,1,1,17,0,2,NONEOS
117,10,n,1,n,3,10,6,1,1,6,3,1,0,EOS
117,17,n,1,n,3,6,6,1,1,3,3,0,0,EOS
117,24,n,1,p,1,6,9,1,0,3,4,0,0,EOS
117,34,n,2,v,2,9,16,0,1,4,10,0,0,EOS
117,51,n,2,p,1,16,34,1,0,10,16,0,0,EOS
118,10,n,2,rz,2,10,11,1,1,6,6,1,1,EOS
118,22,nnt,2,nr,2,11,9,1,1,6,5,1,1,EOS
118,32,nnt,2,nr,3,9,9,1,1,5,4,1,0,EOS
118,42,nnt,2,tg,1,9,13,1,1,4,7,0,0,EOS
118,56,n,4,p,1,13,34,1,1,7,22,0,0,EOS
119,12,n,1,rz,2,12,9,1,1,6,5,1,0,EOS
119,22,n,1,nnt,2,9,6,1,1,5,3,0,0,EOS
119,29,n,1,n,4,6,7,1,1,3,3,0,0,EOS
119,37,n,1,n,4,7,16,1,0,3,7,0,1,EOS
119,54,n,2,v,1,16,15,0,1,7,9,1,1,EOS
119,70,n,2,c,1,15,7,1,0,9,4,1,0,EOS
119,78,n,1,d,1,7,15,0,0,4,7,0,1,EOS
119,94,n,1,n,3,15,12,0,0,7,4,1,1,EOS
119,107,n,1,n,4,12,15,0,0,4,6,1,1,EOS
120,15,nnd,3,m,2,15,6,1,1,8,3,0,0,EOS
120,22,nnd,3,m,2,6,6,1,1,3,4,0,0,EOS
120,29,f,1,p,1,6,19,1,1,4,11,0,1,EOS
120,49,n,2,n,2,19,8,1,1,11,5,1,1,EOS
120,58,n,1,d,1,8,18,1,1,5,9,1,1,EOS
121,24,n,2,v,2,24,26,1,1,13,15,1,1,EOS
121,51,nnt,2,nr,2,26,9,1,1,15,5,1,1,EOS
121,61,nnt,2,nr,3,9,19,1,1,5,10,1,1,EOS
122,9,n,1,b,1,9,8,1,1,5,4,1,0,EOS
122,18,n,1,nz,3,8,8,1,1,4,3,0,0,EOS
122,27,n,1,n,2,8,26,1,1,3,15,0,1,EOS
122,54,n,2,nz,2,26,14,1,1,15,8,1,1,EOS
122,69,m,2,d,1,14,10,1,1,8,5,1,0,EOS
123,12,n,1,n,2,12,8,1,1,7,4,1,0,EOS
123,21,n,1,n,2,8,18,1,1,4,9,0,1,EOS
123,40,n,4,v,2,18,9,1,0,9,4,1,0,EOS
123,50,n,2,v,2,9,10,0,1,4,6,0,0,NONEOS
123,61,n,2,d,1,10,21,1,0,6,11,0,1,EOS
124,13,n,1,rz,2,13,23,1,1,5,19,1,1,EOS
124,37,m,1,v,2,23,29,1,1,19,15,1,1,EOS
124,67,n,2,d,1,29,17,1,0,15,12,1,1,EOS
125,12,n,1,p,2,12,12,1,1,5,5,0,0,EOS
125,25,n,3,nis,2,12,17,1,0,5,9,0,0,NONEOS
125,43,vn,2,r,2,17,16,0,0,9,10,0,1,EOS
125,60,vn,2,a,1,16,28,0,1,10,19,1,1,EOS
125,89,nx,1,a,1,28,28,1,1,19,19,1,1,EOS
125,118,nx,1,rz,2,28,13,1,1,19,12,1,0,EOS
125,132,m,1,n,2,13,34,1,1,12,21,0,2,EOS
125,167,n,2,d,2,34,17,1,1,21,9,2,0,EOS
125,185,n,2,d,1,17,18,1,0,9,12,0,1,EOS
126,39,nnt,2,p,2,39,11,1,0,23,6,1,0,EOS
126,51,n,2,p,1,11,27,0,1,6,17,0,0,EOS
126,79,n,2,rz,2,27,12,1,1,17,7,0,1,EOS
126,92,q,1,d,1,12,21,1,0,7,11,1,1,EOS
127,20,n,2,n,2,20,9,0,1,15,4,1,1,NONEOS
127,30,q,1,m,2,9,3,1,1,4,2,1,0,NONEOS
127,34,q,1,m,2,3,22,1,1,2,12,0,1,NONEOS
127,57,n,2,p,1,22,23,1,1,12,13,1,1,EOS
127,81,n,2,rz,2,23,15,1,1,13,11,1,0,EOS
127,97,q,1,d,1,15,7,1,1,11,6,0,0,EOS
128,11,nnt,2,rz,2,11,26,1,1,6,15,1,1,EOS
128,38,n,2,v,2,26,22,1,1,15,11,1,2,EOS
128,61,n,2,d,1,22,17,1,0,11,11,2,1,EOS
129,11,n,1,n,2,11,8,1,1,6,4,0,0,EOS
129,20,n,1,n,2,8,8,1,1,4,4,0,0,EOS
129,29,n,1,p,1,8,8,1,0,4,4,0,0,EOS
129,38,n,2,v,2,8,10,0,1,4,6,0,0,NONEOS
129,49,n,2,d,1,10,21,1,0,6,14,0,2,EOS
130,21,q,1,rz,2,21,49,1,1,14,28,0,2,EOS
130,71,vn,2,d,1,49,19,1,0,28,9,2,1,EOS
131,12,n,2,v,2,12,5,1,0,6,3,1,0,EOS
131,18,n,2,v,1,5,39,0,1,3,23,0,1,EOS
131,58,n,2,c,2,39,21,1,0,23,11,1,1,EOS
132,12,n,2,n,2,12,45,0,1,7,26,1,0,NONEOS
132,58,n,2,n,2,45,18,1,1,26,9,0,1,EOS
132,77,vn,2,c,2,18,19,1,1,9,10,1,1,EOS
133,11,n,1,rz,2,11,13,1,1,6,8,1,2,EOS
133,25,n,1,m,2,13,12,1,1,8,8,2,1,EOS
133,38,n,1,p,1,12,13,1,0,8,7,1,0,EOS
133,52,n,2,p,1,13,8,0,0,7,4,0,0,EOS
133,61,n,2,p,1,8,28,0,1,4,16,0,0,NONEOS
133,90,n,2,p,1,28,24,1,1,16,14,0,1,EOS
134,8,f,1,vyou,1,8,8,1,1,5,4,0,0,EOS
134,17,q,1,nz,3,8,7,1,1,4,3,0,0,EOS
134,25,q,1,b,2,7,7,1,1,3,4,0,0,EOS
134,33,q,1,tg,1,7,17,1,1,4,9,0,1,EOS
134,51,n,2,c,2,17,5,1,0,9,2,1,0,EOS
134,57,n,3,nz,3,5,3,0,0,2,1,0,0,NONEOS
134,61,nz,3,b,2,3,18,0,0,1,8,0,2,NONEOS
135,19,n,4,tg,1,19,14,1,0,11,7,0,0,EOS
135,34,v,2,c,1,14,16,0,1,7,11,0,1,EOS
135,51,n,1,d,1,16,22,1,0,11,13,1,1,EOS
136,19,n,2,n,1,19,44,0,1,14,30,0,2,EOS
136,64,n,2,rz,2,44,10,1,1,30,6,2,1,EOS
136,75,q,1,d,1,10,15,1,1,6,7,1,0,EOS
137,11,n,1,n,2,11,8,1,1,5,4,1,0,EOS
137,20,n,1,a,1,8,8,1,1,4,5,0,0,EOS
137,29,n,1,n,2,8,8,1,1,5,4,0,0,EOS
137,38,n,1,p,2,8,13,1,0,4,7,0,0,EOS
137,52,n,2,p,1,13,26,0,1,7,16,0,1,EOS
137,79,n,1,d,1,26,10,1,0,16,6,1,1,EOS
138,14,f,1,n,2,14,11,1,1,8,8,0,2,EOS
138,26,n,1,nx,1,11,8,1,1,8,6,2,1,EOS
138,35,n,1,nx,1,8,8,1,1,6,6,1,1,EOS
138,44,n,1,nx,2,8,8,1,1,6,6,1,1,EOS
138,53,n,1,p,2,8,14,1,0,6,8,1,0,EOS
138,68,n,2,p,1,14,20,0,1,8,11,0,1,EOS
138,89,n,2,d,1,20,22,1,1,11,14,1,1,EOS
139,14,nis,3,v,2,14,24,1,1,11,11,1,1,NONEOS
139,39,d,1,p,2,24,7,1,0,11,3,1,0,EOS
139,47,nhd,3,n,2,7,29,0,1,3,16,0,3,EOS
139,77,n,2,d,1,29,29,1,1,16,18,3,2,EOS
140,19,q,1,rr,2,19,31,1,1,11,20,1,1,NONEOS
140,51,n,2,d,1,31,14,1,0,20,10,1,0,EOS
141,11,n,1,t,2,11,13,1,1,6,6,1,0,EOS
141,25,n,1,v,2,13,11,1,1,6,5,0,0,EOS
141,37,n,1,v,2,11,11,1,1,5,5,0,0,EOS
141,49,n,1,rz,2,11,18,1,1,5,9,0,1,EOS
141,68,n,2,v,2,18,11,1,0,9,5,1,0,EOS
141,80,n,2,d,2,11,34,0,1,5,23,0,1,NONEOS
142,22,q,1,nz,4,22,8,1,1,12,3,1,0,EOS
142,31,q,1,nz,3,8,9,1,1,3,4,0,0,EOS
142,41,q,1,tg,1,9,15,1,1,4,9,0,0,EOS
142,57,n,2,p,2,15,10,1,0,9,5,0,0,EOS
142,68,n,3,d,1,10,7,0,0,5,5,0,0,NONEOS
143,10,n,1,nis,2,10,10,1,1,6,6,1,1,EOS
143,21,n,1,nis,2,10,10,1,1,6,6,1,1,EOS
143,32,n,1,p,1,10,27,1,1,6,17,1,1,EOS
143,60,nnt,2,d,1,27,23,1,1,17,14,1,1,EOS
144,13,n,1,p,1,3,18,1,1,3,14,0,0,EOS
144,32,n,1,vi,2,18,10,1,1,14,6,0,0,NONEOS
144,43,m,1,m,2,10,2,1,1,6,1,0,0,NONEOS
144,46,m,2,m,2,2,19,1,1,1,11,0,0,NONEOS
144,66,n,2,d,1,19,19,1,0,11,11,0,1,EOS
145,33,n,2,c,1,33,41,0,1,19,26,2,2,EOS
145,75,n,2,tg,1,41,40,1,1,26,21,2,1,EOS
145,116,n,2,d,1,40,24,1,0,21,14,1,2,EOS
146,43,n,2,c,1,43,12,1,1,29,7,1,1,EOS
146,56,m,2,d,1,12,13,1,1,7,10,1,1,EOS
147,9,usuo,1,nis,2,9,5,1,1,6,3,1,0,EOS
147,15,usuo,1,nis,2,5,4,1,1,3,3,0,0,EOS
147,20,usuo,1,tg,1,4,54,1,1,3,33,0,1,EOS
148,20,nnt,2,m,2,20,17,1,1,11,11,1,1,NONEOS
148,38,v,2,n,2,17,19,1,1,11,10,1,1,EOS
148,58,n,2,c,2,19,6,1,0,10,4,1,0,EOS
148,65,n,2,a,1,6,2,0,0,4,2,0,0,NONEOS
148,68,m,1,n,2,2,18,0,0,2,11,0,1,NONEOS
149,8,n,2,n,2,8,13,0,1,6,7,1,1,NONEOS
149,22,m,2,p,1,13,12,1,0,7,6,1,0,EOS
149,35,n,2,v,2,12,12,0,0,6,5,0,1,EOS
149,48,n,4,p,1,12,13,0,1,5,7,1,0,EOS
149,62,n,1,d,1,13,21,1,0,7,10,0,1,EOS
150,10,f,1,nx,1,10,8,1,1,5,6,0,1,EOS
150,19,n,1,nx,1,8,8,1,1,6,6,1,1,EOS
150,28,n,1,nx,1,8,8,1,1,6,6,1,1,EOS
150,37,n,1,nx,2,8,9,1,1,6,6,1,1,EOS
150,47,n,1,p,2,9,12,1,0,6,7,1,0,EOS
150,60,n,2,p,2,12,29,0,1,7,18,0,0,EOS
150,90,n,1,d,1,29,19,1,1,18,14,0,1,EOS
151,10,usuo,1,rz,2,10,7,1,1,6,4,1,0,EOS
151,18,usuo,1,nis,2,7,6,1,1,4,3,0,0,EOS
151,25,usuo,1,nis,2,6,6,1,1,3,3,0,0,EOS
151,32,usuo,1,t,2,6,18,1,1,3,10,0,0,EOS
151,51,n,2,v,1,18,11,1,0,10,4,0,0,EOS
151,63,n,2,rz,2,11,12,0,0,4,5,0,0,EOS
151,76,usuo,1,nis,2,12,10,0,0,5,4,0,0,EOS
151,87,usuo,1,nis,2,10,11,0,0,4,5,0,0,EOS
152,10,n,2,tg,1,10,41,0,1,6,20,1,0,EOS
152,52,nz,4,c,1,41,15,1,1,20,10,0,1,EOS
152,68,n,3,d,1,15,17,1,0,10,12,1,1,EOS
153,21,n,2,v,2,21,19,1,1,11,9,1,0,EOS
153,41,n,2,nz,2,19,13,1,1,9,9,0,1,EOS
153,55,n,1,d,1,13,16,1,0,9,8,1,1,EOS
154,18,f,1,v,2,18,22,1,1,12,11,0,0,EOS
154,41,n,2,d,1,22,14,1,0,11,10,0,0,EOS
155,11,n,1,rz,2,11,34,1,1,5,19,1,1,EOS
155,46,n,2,tg,1,34,13,1,0,19,7,1,0,EOS
155,60,n,2,p,1,13,19,0,1,7,11,0,0,NONEOS
155,80,n,2,c,2,19,22,1,0,11,11,0,1,EOS
156,27,vn,2,nz,2,27,19,1,1,17,10,1,1,EOS
156,47,q,1,n,2,19,9,1,1,10,4,1,0,EOS
156,57,q,1,nz,2,9,31,1,1,4,16,0,1,EOS
156,89,vn,2,d,1,31,22,1,0,16,17,1,1,EOS
157,10,n,2,rz,2,10,11,1,1,6,6,1,0,EOS
157,22,q,1,b,2,11,10,1,1,6,5,0,0,EOS
157,33,q,1,a,1,10,8,1,1,5,6,0,0,EOS
157,42,q,1,p,2,8,12,1,0,6,6,0,0,EOS
157,55,n,2,p,1,12,23,0,1,6,13,0,0,EOS
157,79,n,2,d,1,23,21,1,0,13,11,0,2,EOS
158,16,n,1,rz,2,16,23,1,1,6,19,1,1,EOS
158,40,m,1,v,2,23,31,1,1,19,16,1,1,EOS
158,72,n,2,d,1,31,13,1,0,16,10,1,0,EOS
159,15,nnt,2,rz,2,15,8,1,1,8,5,1,1,EOS
159,36,nnt,2,rz,2,11,8,1,1,6,5,1,1,EOS
159,45,nz,3,tg,1,8,75,1,1,5,39,1,1,EOS
160,8,f,1,n,3,8,6,1,1,5,3,0,0,EOS
160,15,q,1,n,3,6,6,1,1,3,3,0,0,EOS
160,22,q,1,n,3,6,6,1,1,3,3,0,0,EOS
160,29,q,1,p,1,6,19,1,1,3,10,0,0,EOS
160,49,n,2,d,1,19,18,1,1,10,13,0,1,EOS
161,17,n,1,c,1,17,44,1,1,9,31,1,1,EOS
161,62,n,2,d,1,44,17,1,0,31,8,1,0,EOS
161,80,n,2,c,2,17,23,0,0,8,13,0,2,EOS
162,12,n,1,n,2,12,8,1,1,7,4,1,0,EOS
162,21,n,1,n,2,8,24,1,1,4,13,0,1,EOS
162,46,n,1,d,1,24,31,1,0,13,17,1,1,EOS
163,17,n,2,v,1,17,40,0,1,8,29,1,1,EOS
163,58,m,1,m,2,40,2,1,1,29,1,1,0,NONEOS
163,61,m,2,m,2,2,28,1,1,1,21,0,0,NONEOS
164,14,nnt,2,tg,1,14,30,1,1,7,14,0,1,EOS
164,45,n,2,c,1,30,12,1,1,14,8,1,1,EOS
164,58,n,1,d,1,12,11,1,0,8,7,1,1,EOS
165,19,n,2,v,1,19,12,0,1,9,7,0,0,EOS
165,32,nx,1,nx,1,12,1,1,1,7,1,0,0,NONEOS
165,34,nx,1,nx,1,1,15,1,1,1,11,0,0,NONEOS
165,50,n,2,nz,2,15,3,1,1,11,2,0,0,EOS
165,54,nx,1,nx,1,3,1,1,1,2,1,0,0,NONEOS
165,56,nx,1,nx,1,1,8,1,1,1,5,0,1,NONEOS
165,65,m,2,m,2,8,2,1,1,5,1,1,0,NONEOS
165,68,m,2,m,2,2,5,1,1,1,3,0,0,NONEOS
165,78,nx,1,nx,1,3,1,1,1,3,1,0,0,NONEOS
165,80,nx,1,nx,1,1,13,1,1,1,7,0,1,NONEOS
166,9,usuo,1,nis,2,9,5,1,1,6,3,1,0,EOS
166,15,usuo,1,nis,2,5,4,1,1,3,3,0,0,EOS
166,20,usuo,1,tg,1,4,31,1,1,3,18,0,1,EOS
167,16,n,2,v,1,16,48,0,1,9,33,1,1,EOS
167,65,m,2,m,1,48,1,1,1,33,1,1,0,NONEOS
167,67,m,1,m,2,1,30,1,1,1,21,0,1,NONEOS
168,11,nnt,2,rz,2,11,8,1,1,7,6,1,0,EOS
168,28,nnt,2,rz,2,7,8,1,1,5,6,1,0,EOS
168,37,nnt,2,tg,1,8,58,1,1,6,37,0,1,EOS
169,9,b,2,nx,1,9,13,0,1,5,7,0,1,EOS
169,23,n,1,nx,1,13,13,1,1,7,7,1,1,EOS
169,37,n,1,nx,1,13,13,1,1,7,7,1,1,EOS
169,51,n,1,tg,1,13,13,1,0,7,8,1,0,EOS
169,65,n,2,c,1,13,13,0,1,8,7,0,0,EOS
169,79,n,2,d,1,13,17,1,1,7,11,0,1,EOS
170,10,n,2,v,3,10,5,1,1,9,3,0,0,NONEOS
170,16,q,1,m,3,5,4,1,1,3,2,0,0,NONEOS
170,21,q,1,m,3,4,4,1,1,2,2,0,0,NONEOS
170,26,q,1,v,2,4,18,1,1,2,9,0,2,EOS
170,45,n,2,rz,2,18,12,1,1,9,8,2,1,EOS
170,58,q,1,d,1,12,14,1,0,8,10,1,1,EOS
171,26,n,2,rz,2,26,10,1,1,15,6,0,1,EOS
171,37,n,1,n,2,10,8,1,1,6,5,1,1,EOS
171,46,n,1,nz,2,8,16,1,1,5,9,1,2,EOS
171,63,n,1,d,1,16,14,1,0,9,9,2,1,EOS
172,10,n,1,rz,1,10,9,1,1,6,5,1,0,EOS
172,20,n,1,nz,4,9,7,1,1,5,3,0,0,EOS
172,28,n,1,ad,2,7,7,1,1,3,4,0,0,EOS
172,50,n,2,rr,1,13,9,1,0,8,5,0,1,EOS
173,10,nis,2,rz,2,10,10,1,1,6,6,1,1,EOS
173,21,q,1,b,2,10,8,1,1,6,5,1,1,EOS
173,30,q,1,b,2,8,22,1,1,5,13,1,1,EOS
173,53,n,2,v,1,22,26,1,1,13,15,1,1,EOS
173,80,n,2,v,2,26,13,1,0,15,9,1,1,EOS
174,35,nnt,2,p,1,35,10,1,0,23,6,1,0,EOS
174,46,n,2,p,1,10,28,0,1,6,17,0,0,EOS
174,75,n,2,v,1,28,20,1,0,17,11,0,1,EOS
175,10,n,1,b,2,10,8,1,1,5,4,1,0,EOS
175,19,n,1,rzv,2,8,7,1,0,4,4,0,0,EOS
175,43,n,2,nz,2,15,24,0,1,7,13,0,1,EOS
175,68,n,2,nz,2,24,15,1,1,13,10,1,1,EOS
175,84,n,1,d,1,15,13,1,0,10,8,1,1,EOS
176,11,qv,1,p,1,11,23,1,1,8,13,1,0,EOS
176,35,n,2,nz,2,23,21,1,1,13,15,0,1,EOS
176,57,m,2,d,1,21,14,1,0,15,9,1,1,EOS
177,19,n,2,n,4,19,14,1,1,14,9,0,1,NONEOS
177,55,n,2,n,2,20,15,1,1,11,10,1,1,EOS
177,71,q,1,c,2,15,11,1,0,10,7,1,1,EOS
178,7,n,3,n,3,7,3,0,0,4,1,1,0,NONEOS
178,11,n,3,n,3,3,9,0,1,1,5,0,1,NONEOS
178,21,n,1,m,2,9,3,1,1,5,2,1,0,NONEOS
178,25,n,1,m,2,3,3,1,1,2,2,0,0,NONEOS
178,29,n,1,p,1,3,13,1,1,2,7,0,0,EOS
178,43,n,1,d,1,13,14,1,0,7,11,0,1,EOS
179,5,nx,1,nx,1,5,1,1,1,4,1,0,0,NONEOS
179,7,nx,1,nx,1,1,14,1,1,1,8,0,1,NONEOS
179,22,nnt,2,p,2,14,15,1,0,8,7,1,1,EOS
179,38,n,2,v,1,15,23,0,1,7,12,1,1,EOS
179,79,nnt,2,nx,1,16,10,1,1,10,6,1,1,EOS
179,90,nnt,2,d,1,10,21,1,1,6,15,1,0,EOS
180,14,qv,1,rz,1,14,12,1,1,11,10,1,1,NONEOS
180,47,n,2,d,1,19,15,1,1,10,10,0,0,EOS
181,16,n,1,rz,2,16,23,1,1,6,19,1,1,EOS
181,40,m,1,v,2,23,29,1,1,19,15,1,1,EOS
181,70,n,2,d,1,29,15,1,0,15,10,1,1,EOS
182,26,n,2,v,2,26,15,0,1,16,7,2,1,EOS
182,42,n,1,rz,2,15,51,1,1,7,30,1,1,EOS
182,94,m,4,nis,3,51,20,1,0,30,10,1,1,EOS
182,115,n,2,v,2,20,19,0,1,10,12,1,0,EOS
182,135,n,2,v,1,19,7,1,0,12,4,0,0,EOS
183,10,n,1,rz,2,10,9,1,1,5,4,1,0,EOS
183,20,n,1,n,2,9,9,1,1,4,4,0,0,EOS
183,30,n,1,nz,4,9,8,1,1,4,3,0,0,EOS
183,39,n,1,p,2,8,13,1,0,3,7,0,0,EOS
183,53,n,2,v,1,13,15,0,1,7,9,0,1,EOS
183,69,n,2,v,1,15,9,1,0,9,5,1,0,EOS
184,21,n,2,n,2,21,10,1,1,11,6,2,0,EOS
184,32,n,1,n,2,10,10,1,1,6,6,0,0,EOS
184,43,n,1,a,1,10,10,1,1,6,6,0,1,EOS
184,54,n,1,d,1,10,17,1,0,6,9,1,0,EOS
185,24,n,4,nz,2,24,36,0,1,11,19,2,1,EOS
185,61,n,1,c,1,36,14,1,1,19,8,1,1,EOS
185,76,m,2,d,1,14,19,1,0,8,11,1,1,EOS
186,10,n,1,rz,2,10,10,1,1,5,5,1,0,EOS
186,21,n,1,p,1,10,12,1,0,5,6,0,0,EOS
186,34,n,2,v,2,12,12,0,0,6,6,0,0,EOS
186,47,n,2,p,1,12,17,0,1,6,10,0,0,NONEOS
186,65,n,2,d,1,17,17,1,0,10,11,0,1,EOS
187,11,q,1,m,1,11,18,1,1,5,11,1,1,EOS
187,30,n,1,m,1,18,18,1,1,11,11,1,1,EOS
187,49,n,1,n,2,18,19,1,1,11,10,1,1,EOS
187,69,nnt,2,d,1,19,16,1,0,10,11,1,1,EOS
188,11,n,1,nnd,3,11,7,1,1,5,3,1,0,EOS
188,19,n,1,nnt,2,7,6,1,1,3,3,0,0,EOS
188,26,n,1,n,2,6,26,1,1,3,15,0,1,EOS
188,69,n,1,c,2,15,11,1,1,9,5,1,0,EOS
189,10,nis,2,rz,2,10,10,1,1,6,6,1,1,EOS
189,21,q,1,b,2,10,8,1,1,6,5,1,1,EOS
189,30,q,1,b,2,8,9,1,1,5,5,1,0,EOS
189,53,n,2,v,1,12,15,0,1,7,9,0,1,EOS
189,80,n,2,v,2,10,11,0,0,5,7,0,1,EOS
190,10,n,1,rz,2,10,10,1,1,6,5,1,0,EOS
190,21,n,1,n,2,10,8,1,1,5,4,0,0,EOS
190,30,n,1,n,2,8,8,1,1,4,4,0,0,EOS
190,39,n,1,p,2,8,14,1,0,4,8,0,0,EOS
190,54,n,2,p,1,14,14,0,0,8,7,0,0,NONEOS
190,82,n,1,d,1,12,10,1,0,8,6,2,1,EOS
191,14,n,2,p,1,14,18,0,1,6,14,0,0,EOS
191,33,n,1,p,1,18,14,1,1,14,9,0,0,NONEOS
191,61,n,2,d,1,12,17,1,0,7,13,0,1,EOS
192,7,nx,1,nx,1,7,1,1,1,4,1,0,0,NONEOS
192,9,nx,1,nx,1,1,5,1,1,1,3,0,0,NONEOS
192,15,n,2,nz,2,5,17,1,0,3,11,0,1,NONEOS
192,33,n,2,r,2,17,25,0,1,11,15,1,1,EOS
192,59,q,1,nx,1,25,23,1,1,15,14,1,1,EOS
192,83,q,1,nx,1,23,21,1,1,14,14,1,1,EOS
192,105,q,1,n,3,21,25,1,1,14,14,1,1,EOS
192,131,q,1,rz,2,25,10,1,1,14,7,1,0,EOS
192,142,q,1,p,1,10,25,1,1,7,16,0,1,EOS
192,179,n,2,d,2,10,6,0,1,6,4,0,0,NONEOS
192,186,q,1,v,1,6,14,1,1,4,10,0,0,EOS
193,10,n,2,tg,1,10,40,0,1,6,19,1,0,EOS
193,51,nz,4,c,1,40,15,1,1,19,9,0,1,EOS
193,67,n,3,d,1,15,18,1,0,9,12,1,1,EOS
194,16,n,1,rz,2,16,11,1,1,11,6,1,0,EOS
194,28,n,1,n,2,11,16,1,1,6,10,0,1,EOS
194,45,q,1,p,1,16,9,1,0,10,4,1,0,EOS
194,55,n,4,tg,1,9,13,0,0,4,6,0,0,EOS
194,69,n,2,p,1,13,15,0,1,6,10,0,0,EOS
194,85,n,1,d,1,15,14,1,0,10,9,0,1,EOS
195,21,nx,1,m,2,21,11,1,1,14,8,0,1,EOS
195,33,nx,1,m,2,11,10,1,1,8,7,1,0,EOS
195,44,nx,1,tg,1,10,14,1,1,7,9,0,0,EOS
195,59,n,2,c,1,14,8,1,0,9,4,0,0,EOS
195,68,n,2,d,1,8,14,0,1,4,8,0,1,EOS
196,11,n,2,rz,2,11,22,1,1,6,11,1,0,EOS
196,34,q,1,rzv,2,22,8,1,0,11,5,0,1,NONEOS
196,61,f,1,a,1,17,11,0,1,9,8,0,0,EOS
196,73,q,1,d,1,11,17,1,0,8,10,0,1,EOS
197,12,n,1,n,3,12,6,1,1,7,3,0,0,EOS
197,19,n,1,p,1,6,27,1,1,3,15,0,0,EOS
197,47,n,2,d,1,27,15,1,0,15,10,0,1,EOS
198,9,n,1,b,1,9,8,1,1,5,4,1,0,EOS
198,18,n,1,nz,3,8,8,1,1,4,3,0,0,EOS
198,71,n,1,d,1,16,8,1,1,10,6,1,0,EOS
199,25,m,1,n,2,25,22,1,1,18,11,1,2,EOS
199,48,n,2,n,2,22,12,1,1,11,7,2,1,EOS
199,61,n,1,c,2,12,12,1,1,7,9,1,0,EOS
200,32,n,2,p,1,32,35,0,1,17,24,1,1,EOS
200,68,nx,1,rz,2,35,39,1,1,24,26,1,2,EOS
200,108,m,2,m,2,39,2,1,1,26,1,2,0,NONEOS
200,111,m,2,m,2,2,2,1,1,1,1,0,0,NONEOS
200,114,m,2,m,2,2,2,1,1,1,1,0,0,NONEOS
200,117,m,2,d,1,2,19,1,1,1,13,0,1,EOS
201,13,n,1,nis,2,13,10,1,1,8,6,1,1,EOS
201,24,n,1,nis,2,10,10,1,1,6,6,1,1,EOS
201,35,n,1,tg,1,10,30,1,1,6,18,1,0,EOS
201,66,n,2,d,1,30,18,1,0,18,9,0,2,EOS
202,20,n,1,rz,2,20,16,1,0,12,11,1,2,EOS
202,37,q,1,a,1,16,16,0,1,11,11,2,1,EOS
202,54,n,1,t,2,16,24,1,1,11,14,1,0,EOS
202,79,n,2,d,1,24,14,1,0,14,10,0,1,EOS
203,12,q,1,rz,2,12,10,1,1,6,5,1,0,EOS
203,23,q,1,p,1,10,10,1,0,5,6,0,0,EOS
203,34,n,2,v,2,10,22,0,1,6,11,0,2,EOS
203,57,n,2,d,1,22,13,1,0,11,9,2,1,EOS
204,14,qv,1,rz,1,14,12,1,1,11,10,0,1,NONEOS
204,47,n,2,d,1,19,15,1,1,10,10,0,0,EOS
205,11,n,1,rz,2,11,13,1,1,6,6,1,0,EOS
205,25,n,1,v,2,13,11,1,1,6,5,0,0,EOS
205,37,n,1,v,2,11,11,1,1,5,5,0,0,EOS
205,49,n,1,rz,2,11,8,1,1,5,4,0,0,EOS
205,58,n,1,p,1,8,9,1,0,4,4,0,0,EOS
205,68,n,2,v,2,9,11,0,0,4,5,0,0,EOS
205,80,n,2,d,2,11,12,0,1,5,7,0,0,NONEOS
206,27,f,1,b,2,27,13,0,1,14,6,1,0,NONEOS
206,41,n,4,rz,2,13,33,1,1,6,21,0,0,EOS
206,75,n,1,v,2,33,31,1,1,21,20,0,0,EOS
206,132,q,1,v,2,24,14,1,1,13,9,0,1,EOS
207,12,n,1,a,1,12,8,1,1,7,5,0,0,EOS
207,21,n,1,n,2,8,8,1,1,5,4,0,0,EOS
207,30,n,1,ng,1,8,36,1,1,4,21,0,1,EOS
207,85,m,1,c,2,17,19,1,0,11,8,2,1,EOS
208,6,nx,1,nx,1,6,1,1,1,4,1,0,0,NONEOS
208,8,nx,1,nx,1,1,10,1,1,1,7,0,0,NONEOS
208,19,n,2,n,4,10,14,1,1,7,9,0,1,NONEOS
208,34,m,1,n,2,14,20,1,1,9,11,1,2,EOS
208,55,n,2,n,2,20,12,1,1,11,8,2,1,EOS
208,68,q,1,c,2,12,16,1,1,8,7,1,0,EOS
209,27,n,1,tg,1,27,16,1,1,15,10,1,1,EOS
209,44,n,2,d,1,16,20,1,0,10,9,1,2,EOS
210,21,n,2,v,2,21,20,1,1,11,10,1,0,EOS
210,42,n,2,nz,2,20,9,1,1,10,6,0,1,EOS
210,52,n,1,d,1,9,16,1,0,6,10,1,0,EOS
211,13,qv,1,rz,2,13,13,1,1,10,10,1,1,NONEOS
211,27,m,1,c,1,13,20,1,1,10,11,1,0,EOS
211,48,n,2,d,1,20,16,1,1,11,10,0,1,EOS
212,32,n,2,c,1,32,40,0,1,20,27,2,1,EOS
212,107,vn,2,c,1,33,15,1,1,17,10,2,1,EOS
212,123,m,1,d,1,15,8,1,1,10,6,1,0,EOS
213,12,n,1,rz,2,12,7,1,1,8,4,1,0,EOS
213,20,n,1,p,1,7,14,1,0,4,7,0,0,EOS
213,35,n,2,v,2,14,28,0,1,7,16,0,1,EOS
213,64,n,2,d,1,28,16,1,0,16,8,1,1,EOS
214,6,nx,1,nx,1,6,1,1,1,4,1,0,0,NONEOS
214,8,nx,1,nx,1,1,10,1,1,1,7,0,0,NONEOS
214,19,n,2,n,4,10,12,1,1,7,8,0,1,NONEOS
214,32,m,1,t,2,12,19,1,1,8,11,1,0,EOS
214,52,n,2,n,2,19,12,1,1,11,8,0,1,EOS
214,65,q,1,c,2,12,13,1,1,8,7,1,1,EOS
215,12,nnt,2,nr,2,12,10,1,1,5,5,0,1,EOS
215,23,nnt,2,n,2,10,10,1,1,5,5,1,1,EOS
215,34,nnt,2,tg,1,10,8,1,0,5,4,1,0,EOS
215,43,gm,4,n,2,8,9,0,0,4,5,0,0,NONEOS
215,53,n,2,c,1,9,9,0,1,5,6,0,1,EOS
215,63,n,1,d,1,9,13,1,0,6,9,1,1,EOS
216,10,n,1,rz,2,10,10,1,1,6,5,1,0,EOS
216,21,n,1,n,2,10,8,1,1,5,4,0,0,EOS
216,30,n,1,n,2,8,8,1,1,4,4,0,0,EOS
216,39,n,1,p,2,8,14,1,0,4,8,0,0,EOS
216,54,n,2,p,1,14,27,0,1,8,16,0,2,EOS
216,82,n,1,d,1,27,10,1,0,16,6,2,1,EOS
217,14,q,1,rr,2,14,28,1,1,7,19,0,1,NONEOS
217,43,n,2,v,2,28,41,1,1,19,28,1,1,NONEOS
217,85,m,1,d,1,41,18,1,0,28,10,1,1,EOS
218,24,n,2,v,2,24,20,1,1,11,10,1,1,EOS
218,45,n,2,nz,2,20,9,1,1,10,6,1,1,EOS
218,55,n,1,d,1,9,15,1,0,6,8,1,1,EOS
219,16,n,1,rz,2,16,10,1,1,11,5,1,0,EOS
219,27,n,1,n,2,10,16,1,1,5,10,0,1,EOS
219,54,n,4,tg,1,9,13,0,0,4,6,0,0,EOS
219,68,n,2,p,1,13,15,0,1,6,10,0,0,EOS
219,84,n,1,d,1,15,19,1,0,10,9,0,1,EOS
220,20,m,2,tg,1,20,11,0,1,9,7,2,0,EOS
220,32,gm,4,v,2,11,25,1,1,7,12,0,0,EOS
220,58,n,2,d,1,25,17,1,0,12,8,0,0,EOS
221,12,n,1,rz,2,12,14,1,1,6,9,1,1,EOS
221,27,n,1,v,2,14,22,1,1,9,13,1,0,EOS
221,50,n,4,p,1,22,26,1,1,13,15,0,0,EOS
221,77,n,2,v,1,26,18,1,1,15,12,0,0,EOS
222,10,n,1,rz,2,10,10,1,1,5,5,1,0,EOS
222,34,n,2,v,2,12,11,0,0,6,5,0,0,EOS
222,46,n,2,p,1,11,17,0,1,5,10,0,0,NONEOS
222,64,n,2,d,1,17,17,1,0,10,11,0,1,EOS
223,10,nnt,2,nr,2,10,10,1,1,6,5,1,1,EOS
223,21,nnt,2,n,2,10,10,1,1,5,5,1,1,EOS
223,32,nnt,2,p,1,10,13,1,0,5,9,1,0,EOS
223,46,n,2,n,2,13,9,0,0,9,4,0,1,EOS
223,56,n,1,v,2,9,15,0,1,4,8,1,0,NONEOS
223,72,n,2,v,1,15,16,1,0,8,9,0,0,EOS
224,18,n,3,nis,3,18,14,1,0,9,6,0,1,EOS
224,33,n,2,p,1,14,27,0,1,6,15,1,0,NONEOS
224,61,n,2,rz,2,27,2,1,0,15,1,0,0,EOS
224,64,rz,2,nnt,2,2,6,0,1,1,3,0,0,NONEOS
224,71,n,1,nnt,3,6,7,1,1,3,3,0,0,EOS
224,79,n,1,nnt,2,7,6,1,1,3,3,0,0,EOS
224,86,n,1,d,1,6,25,1,0,3,13,0,1,EOS
225,12,n,1,n,2,12,9,1,0,6,4,1,0,EOS
225,22,n,2,p,1,9,19,0,1,4,11,0,0,NONEOS
225,42,n,2,nz,2,19,15,1,1,11,9,0,1,EOS
225,58,m,3,c,2,15,16,1,0,9,10,1,1,EOS
226,21,nnt,2,p,2,21,15,1,0,14,7,3,1,EOS
226,37,n,2,v,1,15,23,0,1,7,12,1,1,EOS
226,78,nnt,2,nx,1,16,10,1,1,10,6,1,1,EOS
226,89,nnt,2,d,1,10,20,1,1,6,14,1,1,EOS
227,13,n,1,b,1,13,7,1,1,8,4,0,0,EOS
227,21,n,1,c,1,7,31,1,1,4,18,0,0,EOS
227,53,n,2,d,1,31,16,1,0,18,10,0,1,EOS
228,19,n,2,n,4,19,13,1,1,14,6,0,2,NONEOS
228,33,m,4,m,4,13,4,1,1,6,1,2,0,NONEOS
228,38,m,4,m,4,4,25,1,1,1,13,0,1,NONEOS
228,64,n,2,n,2,25,15,1,1,13,10,1,1,EOS
228,80,q,1,c,2,15,17,1,1,10,9,1,0,EOS
229,43,n,2,tg,1,12,21,0,1,7,11,0,0,EOS
229,65,n,2,v,1,21,13,1,0,11,8,0,0,EOS
230,12,n,1,rz,2,12,28,1,1,5,12,1,0,EOS
230,41,n,1,tg,1,28,28,1,0,12,14,0,2,EOS
230,70,n,2,v,2,28,10,0,1,14,6,2,1,NONEOS
230,81,n,1,d,1,10,30,1,0,6,18,1,1,EOS
231,10,n,1,n,3,10,6,1,1,6,3,1,0,EOS
231,17,n,1,n,3,6,6,1,1,3,3,0,0,EOS
231,24,n,1,p,2,6,16,1,0,3,8,0,0,EOS
231,41,n,2,v,2,16,15,0,0,8,7,0,0,EOS
231,57,n,2,c,1,15,13,0,1,7,9,0,1,EOS
231,71,n,1,d,1,13,17,1,0,9,9,1,1,EOS
232,8,n,2,rz,2,8,39,0,1,6,26,1,1,EOS
232,48,q,1,tg,1,39,23,1,1,26,12,1,1,EOS
232,72,vn,2,c,1,23,14,1,0,12,7,1,0,EOS
232,87,n,2,d,1,14,22,0,0,7,13,0,0,EOS
233,5,nx,1,nx,1,5,1,1,1,4,1,0,0,NONEOS
233,7,nx,1,nx,1,1,30,1,1,1,16,0,2,NONEOS
233,38,n,2,v,1,30,40,1,1,16,23,2,2,EOS
233,79,nnt,2,nx,1,40,10,1,1,23,6,2,1,EOS
233,90,nnt,2,d,1,10,18,1,1,6,14,1,1,EOS
234,11,n,1,a,1,11,11,1,1,7,7,1,1,EOS
234,23,n,1,n,2,11,9,1,1,7,6,1,1,EOS
234,33,n,1,c,1,9,23,1,1,6,13,1,0,EOS
234,57,n,2,n,2,23,10,1,1,13,5,0,1,EOS
234,68,n,1,n,2,10,10,1,1,5,5,1,1,EOS
234,79,n,1,rz,1,10,13,1,0,5,8,1,1,EOS
235,13,f,1,n,2,13,8,0,1,7,5,1,1,EOS
235,22,q,1,a,1,8,8,1,1,5,6,1,1,EOS
235,31,q,1,n,2,8,23,1,1,6,13,1,1,EOS
235,55,n,2,nz,2,23,16,1,1,13,11,1,1,EOS
235,72,q,1,d,1,16,19,1,0,11,14,1,1,EOS
236,20,n,2,n,4,20,14,1,1,15,9,0,1,EOS
236,35,m,1,n,2,14,19,1,1,9,10,1,1,EOS
236,55,n,2,n,2,19,13,1,1,10,9,1,1,EOS
237,10,n,1,b,1,10,8,1,1,6,4,1,0,EOS
237,19,n,1,nz,3,8,8,1,1,4,3,0,0,EOS
237,72,n,1,d,1,16,3,1,1,10,3,1,0,EOS
238,17,q,1,rr,2,17,5,1,0,9,3,0,1,EOS
238,23,n,1,Mg,1,5,1,0,0,3,1,1,0,NONEOS
238,25,Mg,1,Mg,1,1,6,0,1,1,4,0,0,NONEOS
238,32,n,3,p,1,6,10,1,0,4,6,0,0,EOS
238,43,n,2,v,2,10,15,0,0,6,7,0,0,EOS
238,59,vn,2,nz,2,15,3,0,0,7,2,0,0,EOS
238,63,n,1,Mg,1,3,1,0,0,2,1,0,0,NONEOS
238,65,Mg,1,Mg,1,1,20,0,0,1,11,0,2,NONEOS
238,86,gm,4,d,1,20,13,0,0,11,7,2,1,EOS
239,12,n,1,rz,2,12,13,1,1,7,8,1,2,EOS
239,26,n,1,m,2,13,11,1,1,8,7,2,1,EOS
239,58,n,2,p,1,19,8,0,0,10,4,1,0,EOS
239,67,n,2,p,1,8,30,0,1,4,16,0,0,NONEOS
239,98,n,2,rz,2,30,21,1,1,16,14,0,1,EOS
240,13,n,1,n,2,13,9,1,0,7,4,1,0,EOS
240,23,n,2,p,1,9,19,0,1,4,11,0,0,NONEOS
240,43,n,2,nz,2,19,15,1,1,11,9,0,1,EOS
240,59,m,3,c,2,15,13,1,0,9,8,1,1,EOS
241,11,nnt,2,nr,2,11,10,1,1,7,5,1,1,EOS
241,22,nnt,2,n,2,10,10,1,1,5,5,1,1,EOS
241,33,nnt,2,p,1,10,13,1,0,5,9,1,0,EOS
241,47,n,2,n,2,13,9,0,0,9,4,0,1,EOS
241,57,n,1,v,2,9,13,0,1,4,8,1,0,EOS
241,71,n,2,v,1,13,13,1,0,8,10,0,0,EOS
242,11,nis,2,rz,2,11,10,1,1,7,6,1,1,EOS
242,22,q,1,b,2,10,8,1,1,6,5,1,1,EOS
242,31,q,1,b,2,8,9,1,1,5,5,1,0,EOS
242,54,n,2,v,1,12,15,0,1,7,9,0,1,EOS
242,81,n,2,v,2,10,11,0,0,5,8,0,1,EOS
243,11,n,1,rz,2,11,23,1,1,6,12,1,1,EOS
243,35,n,2,v,2,23,12,1,0,12,6,1,0,EOS
243,48,n,2,p,1,12,42,0,1,6,21,0,1,NONEOS
244,14,n,2,v,2,14,6,1,0,7,3,1,0,EOS
244,21,n,2,v,1,6,27,0,1,3,15,0,0,EOS
244,49,n,2,nz,2,27,12,1,1,15,7,0,1,EOS
244,62,n,2,c,2,12,16,1,0,7,10,1,1,EOS
245,13,q,1,rz,2,13,21,1,1,7,12,1,0,EOS
245,35,n,2,v,2,21,22,1,1,12,11,0,2,EOS
245,58,n,2,d,1,22,13,1,0,11,10,2,1,EOS
246,13,n,1,rz,2,13,14,1,1,7,9,1,1,EOS
246,28,n,1,v,2,14,22,1,1,9,13,1,0,EOS
246,51,n,4,p,1,22,26,1,1,13,15,0,0,EOS
246,78,n,2,v,1,26,14,1,1,15,9,0,0,EOS
247,18,nz,4,mq,2,18,19,1,1,11,15,1,1,EOS
247,38,m,1,p,1,19,46,1,1,15,27,1,1,EOS
247,85,n,2,p,1,46,40,1,1,27,23,1,1,EOS
247,126,nx,1,m,4,40,5,1,1,23,2,1,0,NONEOS
247,132,nx,1,m,4,5,5,1,1,2,2,0,0,NONEOS
247,138,nx,1,d,1,5,22,1,1,2,11,0,1,EOS
248,6,nx,1,nx,1,6,1,1,1,5,1,0,0,NONEOS
248,8,nx,1,nx,1,1,14,1,1,1,8,0,1,NONEOS
248,23,nnt,2,p,2,14,15,1,0,8,7,1,1,EOS
248,39,n,2,v,1,15,23,0,1,7,12,1,1,EOS
248,80,nnt,2,nx,1,16,10,1,1,10,6,1,1,EOS
248,91,nnt,2,d,1,10,19,1,1,6,12,1,0,EOS
249,19,n,2,v,1,19,12,0,1,10,7,0,0,EOS
249,32,nx,1,nx,1,12,1,1,1,7,1,0,0,NONEOS
249,34,nx,1,nx,1,1,15,1,1,1,11,0,0,NONEOS
249,50,n,2,nz,2,15,3,1,1,11,2,0,0,EOS
249,54,nx,1,nx,1,3,1,1,1,2,1,0,0,NONEOS
249,56,nx,1,nx,1,1,8,1,1,1,5,0,1,NONEOS
249,65,m,2,m,2,8,2,1,1,5,1,1,0,NONEOS
249,68,m,2,m,2,2,5,1,1,1,3,0,0,NONEOS
249,78,nx,1,nx,1,3,1,1,1,3,1,0,0,NONEOS
249,80,nx,1,nx,1,1,12,1,1,1,7,0,1,NONEOS
250,12,n,1,rz,2,12,13,1,1,7,6,1,0,EOS
250,26,n,1,v,2,13,11,1,1,6,5,0,0,EOS
250,38,n,1,v,2,11,11,1,1,5,5,0,0,EOS
250,50,n,1,rz,2,11,8,1,1,5,4,0,0,EOS
250,69,n,2,v,2,9,11,0,0,4,5,0,0,EOS
250,81,n,2,d,2,11,12,0,1,5,7,0,0,NONEOS
251,77,m,2,d,1,14,16,1,0,8,9,1,1,EOS
252,11,n,1,rz,2,11,10,1,1,7,5,1,0,EOS
252,22,n,1,n,2,10,8,1,1,5,4,0,0,EOS
252,31,n,1,n,2,8,8,1,1,4,4,0,0,EOS
252,40,n,1,p,2,8,14,1,0,4,8,0,0,EOS
252,55,n,2,p,1,14,14,0,0,8,7,0,0,EOS
252,83,n,1,d,1,12,8,1,0,8,5,2,1,EOS
253,14,f,1,n,2,14,8,0,1,8,5,1,1,EOS
253,23,q,1,a,1,8,8,1,1,5,6,1,1,EOS
253,56,n,2,nz,2,23,16,1,1,13,11,1,1,EOS
253,73,q,1,d,1,16,19,1,0,11,15,1,1,EOS
254,36,nnt,2,p,1,36,10,1,0,24,6,1,0,EOS
254,47,n,2,p,1,10,28,0,1,6,17,0,0,EOS
254,76,n,2,v,1,28,15,1,0,17,10,0,1,EOS
255,44,n,2,tg,1,12,21,0,1,7,11,0,0,EOS
255,66,n,2,v,1,21,18,1,0,11,6,0,0,EOS
256,14,n,1,b,1,14,7,1,1,9,4,0,0,EOS
256,22,n,1,c,1,7,31,1,1,4,18,0,0,EOS
256,54,n,2,d,1,31,22,1,0,18,8,0,1,EOS
257,27,m,1,n,2,27,32,1,1,21,19,1,1,EOS
257,60,n,2,d,1,32,14,1,0,19,9,1,1,EOS
258,21,n,2,n,2,21,9,0,1,16,4,1,1,EOS
258,31,q,1,m,2,9,3,1,1,4,2,1,0,NONEOS
258,35,q,1,m,2,3,3,1,1,2,2,0,0,NONEOS
258,58,n,2,p,1,18,23,0,1,9,13,1,1,EOS
258,82,n,2,rz,2,23,15,1,1,13,11,1,0,EOS
258,98,q,1,d,1,15,5,1,1,11,5,0,0,EOS
259,12,n,1,rz,2,12,10,1,1,6,4,1,0,EOS
259,23,n,1,n,2,10,7,1,1,4,3,0,0,EOS
259,31,n,1,p,1,7,20,1,0,3,10,0,0,EOS
259,52,n,2,v,2,20,9,0,0,10,4,0,0,EOS
259,62,n,2,v,2,9,30,0,1,4,15,0,0,NONEOS
259,93,w,1,v,1,30,12,1,0,15,6,0,0,EOS
260,22,q,1,v,2,22,29,1,1,14,15,1,2,EOS
260,69,vn,2,d,1,16,15,1,0,10,10,0,2,EOS
261,32,q,1,p,1,32,16,1,0,19,7,1,0,EOS
261,49,n,4,p,1,16,14,0,0,7,7,0,0,EOS
261,64,gm,4,c,1,14,10,0,1,7,6,0,1,EOS
261,75,nnt,2,d,1,10,16,1,0,6,10,1,2,EOS
262,26,n,2,v,1,26,10,0,0,14,5,1,0,EOS
262,37,n,2,p,1,10,29,0,1,5,17,0,0,NONEOS
262,103,m,1,d,1,35,22,1,0,25,10,1,0,EOS
263,13,n,1,nnd,3,13,8,1,1,7,3,1,0,EOS
263,22,n,1,p,1,8,10,1,0,3,6,0,0,EOS
263,33,n,2,p,1,10,25,0,1,6,15,0,0,EOS
263,59,n,2,nz,2,25,12,1,1,15,7,0,1,EOS
263,72,n,1,d,1,12,5,1,1,7,5,1,1,EOS
